<?xml version="1.0" encoding="UTF-8"?>
<launch4jConfig>
  <dontWrapJar>false</dontWrapJar>
  <headerType>gui</headerType>
  <jar>C:\KdG\Programming\ACS102-T1-Game\out\artifacts\ACS102_T1_Game_jar\ACS102-T1-Game.jar</jar>
  <outfile>C:\KdG\Programming\Quoridor\Quoridor.exe</outfile>
  <errTitle></errTitle>
  <cmdLine></cmdLine>
  <chdir>.</chdir>
  <priority>normal</priority>
  <downloadUrl></downloadUrl>
  <supportUrl></supportUrl>
  <stayAlive>false</stayAlive>
  <restartOnCrash>false</restartOnCrash>
  <manifest></manifest>
  <icon>C:\KdG\Programming\ACS102-T1-Game\out\artifacts\ACS102_T1_Game_jar\tab_icon.ico</icon>
  <jre>
    <path>%JAVA_HOME%;%PATH%</path>
    <requiresJdk>false</requiresJdk>
    <requires64Bit>false</requires64Bit>
    <minVersion>21</minVersion>
    <maxVersion></maxVersion>
    <opt>--module-path &quot;C:\KdG\Programming\ACS102-T1-Game\out\artifacts\Quoridor\app;C:\Users\igrga\lib\javafx\javafx-sdk-21.0.7\lib&quot;</opt>
    <opt>--add-modules java.base,java.desktop,java.sql,javafx.base,javafx.controls,javafx.graphics,javafx.media,javafx.web,Appname</opt>
    <opt>--module Appname/be.kdg.integration2.mvpglobal.MVPMain</opt>
    <opt>-Djava.library.path=&quot;C:\Users\igrga\lib\javafx\javafx-sdk-21.0.7\bin&quot;</opt>
  </jre>
</launch4jConfig>